adonovan=adonovan@csail.mit.edu
bdemsky=bdemsky@uci.edu
brun=yuriy.brun
charlest=charlest@csail.mit.edu
cpacheco=carlos.pche
davidcok=cok@frontiernet.net
drayside=drayside@csail.mit.edu
gregs=gregs@csail.mit.edu
jhp=jhp@csail.mit.edu
kataoka=joshkata
marinov=marinov@cs.uiuc.edu
mernst=michael.ernst
mistere=jwnimmer@alum.mit.edu
newton=newton@csail.mit.edu
pgbovine=pgbovine@csail.mit.edu
rudd=falaina@falaina.net
sjl=sjl@csail.mit.edu
smcc=smcc@csail.mit.edu
tohn=tohn@alum.mit.edu
tschantz=matthew.s.tschantz
tws=todd.schiller
zyoav=yoav.zibin
